order_channel,revenue,avg_margin,avg_aov,repeat_rate,cancel_rate
Amazon,403200015.16,55.28583333333333,2886.5241666666666,61.975,4.095
Direct B2B,319460696.49,55.1575,2897.0025,61.79583333333333,3.9916666666666667
Etsy,291435633.0,55.31333333333333,2911.4066666666663,61.80583333333333,3.98
Wayfair,174333494.55,55.44333333333333,2903.41,61.73666666666667,4.245833333333334
Distributor,116644616.86,55.48166666666666,2928.616666666667,61.76833333333334,3.85
Trade Fair,73178474.45,55.615,2906.8174999999997,61.90416666666667,3.768333333333333
Noon,71989780.58,55.37166666666667,2893.6324999999997,61.84,3.8691666666666666
