fiscal_year,revenue,orders,avg_margin
2022,482598481.27,166361,55.413333333333334
2023,484166941.62,166652,55.29916666666667
2024,483477288.2,166987,55.24166666666667
